"Protein","Epitope","MAb.Name","start","end","Subtype","Species","t_frame"
"gp120","GPGR","447D",7158,7167,"","mouse",3
"gp120","HEDIISLW","F105",6537,6558,"","mouse",3
"gp120","VST","F105",6987,6993,"","mouse",3
"gp120","TP","VRC01",6591,6594,"","mouse",3
"gp120","NFTDNAKT","VRC01",7050,7071,"","mouse",3
"gp120","SGGDPEI","VRC01",7317,7335,"","mouse",3
"gp120","WQKV","VRC01",7503,7512,"","mouse",3
"gp120","TRDGGNSNNESEIFRPGGGDM","VRC01",7587,7647,"","mouse",3
"gp120","PLCV","CD4_Ig",6594,6603,"","mouse",3
"gp120","DNAKT","CD4_Ig",7059,7071,"","mouse",3
"gp120","SGGDPEI","CD4_Ig",7317,7335,"","mouse",3
"gp120","NMWQKVGK","CD4_Ig",7497,7518,"","mouse",3
"gp120","TRDGGN","CD4_Ig",7587,7602,"","mouse",3
"gp120","GGDMRD","CD4_Ig",7638,7653,"","mouse",3
"gp120","RIKQI","17b",7479,7491,"","mouse",3
"gp120","KAMYAP","17b",7518,7533,"","mouse",3
"gp120","DNAKT","F105",7059,7071,"","mouse",3
"gp120","SGGDPEIVTHSF","F105",7317,7350,"","mouse",3
"gp120","KQIINMWQK","F105",7485,7509,"","mouse",3
"gp120","GGGDMR","F105",7635,7650,"","mouse",3
"gp120","NAK","b12",7062,7068,"","mouse",3
"gp120","SSGGDPEIVTHS","b12",7314,7347,"","mouse",3
"gp120","PCR","b12",7473,7479,"","mouse",3
"gp120","VGK","b12",7512,7518,"","mouse",3
"gp120","GGGDM","b12",7635,7647,"","mouse",3
"gp120","CVKL","17b",6579,6588,"","mouse",3
"gp120","VITQAC","17b",6822,6837,"","mouse",3
"gp120","NMWQKVG","VRC03",7497,7515,"","mouse",3
"gp120","TRDGGNSNNESEIFRPGGGDM","VRC03",7587,7647,"","mouse",3
"gp120","NFTDNAKT","VRC03",7050,7071,"","mouse",3
"gp120","SGGDPEIVTHS","VRC03",7317,7347,"","mouse",3
"gp120","NSTQLFN","2G12",7380,7398,"","mouse",3
"gp120","N","2G12",7107,7107,"","mouse",3
"gp120","NISRAKWN","2G12",7218,7239,"","mouse",3
"gp41","NWFNITNWLW","4E10",8235,8262,"","mouse",3
"gp41","ELDKWA","2F5",8208,8223,"","mouse",3
