"Epitope","MAb Name","Protein","HXB2 start","HXB2 end","HXB2 start 2","HXB2 end 2","Subtype","Species"
"GELDRWEKIRLRPGG","L14.17","p17",11,25,,,"B","mouse"
"ELDRWEKI + ALDKIE","32/5.8.42","p17",12,19,100,105,,"mouse"
"ELDKWEKIRLRPGGKTLY","HyHIV-1","p17",12,29,,,,"mouse"
"ELDKWEKIRLRPGGKTLY?","HyHIV-4","p17",12,29,,,,"mouse"
"EKIRLR","32/1.24.89","p17",17,22,,,,"mouse"
"IRLPGGKKKYMLKHVVWAA","3B10","p17",19,38,,,,"mouse"
"GKTHYMINPL","polyclonal","p17",25,34,,,,"rabbit"
"LETSEGCRQILGQLQ","B4f8","p17",51,65,,,,"rat"
"GQLQPSLQTGSEELRSL","12H-D3b3","p17",62,78,,,,"rat"
"LEKIEEEQNKSKKKA?","11H9","p17",101,115,,,,"mouse"
"KKAQQAAADT","3-H-7","p17",113,122,,,"B","mouse"
"AAGTGNSSQVSQNY","1D9","p17",119,132,,,,"mouse"
"DTGHSSQVSQNY","15-21","p17",121,132,,,,"mouse"
"PIVQNIQGQMVHQAISPRTL","111/182","p24",1,20,,,,"mouse"
"VHQAISPRTLNAWVK","ID8F6","p24",11,25,,,,"mouse"
"AISPRTLNAW","F5-2","p24",14,23,,,"B","mouse"
"NAWVK","CB-13/5","p24",21,25,,,,"mouse"
"SEGATPQDLNTMLNTVG","polyclonal","p24",44,60,,,"B","mouse"
"EGATPQ","3D3","p24",45,50,,,"B","mouse"
"GATPQDLNTML","CD-4/1","p24",46,56,,,,"mouse"
"ATPQDLNTML","15F8C7","p24",47,56,,,,"mouse"
"DLNTMLNTVG","111/052","p24",51,60,,,,"mouse"
"AAMQMLKETINE","91-5","p24",64,75,,,,"human"
"LKETINEEAAEWDRVHPV","1109/01","p24",69,86,,,"B","mouse"
"ETINEEAAEWD","111/073","p24",71,81,,,,"mouse"
"ETINEEAAEWDRVHP","10-E-7","p24",71,85,,,"B","mouse"
"EAAEWDRVHP","1-B-7","p24",76,85,,,,"mouse"
"EAAEWDRVHPVHAGP","FF1","p24",76,90,,,"B","mouse"
"DRVHPVHAGP","113/072","p24",81,90,,,,"mouse"
"RVHPVHAGPIAPGQMREPRGS",25.3,"p24",82,102,,,,"mouse"
"HPVHAGPIAPG","13-102-100","p24",84,94,,,,"mouse"
"HAGPIAPGQMREPRG","RL4.72.1","p24",87,101,,,,"mouse"
"GSDIAGTTSTLQEQIGWMTNN","406/01","p24",101,121,,,,"mouse"
"GSDIAGTTSTLQEQIGWMTNL","polyclonal","p24",101,121,,,"B","mouse"
"NPPIPVGEIY","38:9.6K","p24",121,130,,,"B","mouse"
"NPPIPVGEIYKRWII","EB1A9","p24",121,135,,,"B","mouse"
"RMYSPT","LH-104-E","p24",143,148,,,,"mouse"
"SILDIR","1B2C12","p24",149,154,,,,"mouse"
"DIRQGP + QGVGGP","LH-104-A","p24",152,157,219,224,,"mouse"
"CVKQGPKEPFQSYVDRFYKSL","1.17.3","p24",152,172,,,,"mouse"
"IRQGPKEPFRDYVDRFYKTL","23A5G4","p24",153,172,,,"B","mouse"
"QGPKEPFRDYVDRFY","V10","p24",155,169,,,,"mouse"
"GPKEPF + QGVGGP","LH-104-C","p24",156,161,219,224,,"mouse"
"FRDYVDRFYK","12-B-4","p24",161,170,,,"B","mouse"
"KTLRAEQASQEVKNWMTET","9A4C4","p24",170,188,,,,"mouse"
"TLRAEQASQEVKNWM","11C10B10","p24",171,185,,,"B","mouse"
"QASQEVKNWMTETLL","BE3","p24",176,190,,,"B","mouse"
"VKNWMTETLL","108/03","p24",181,190,,,,"mouse"
"ILKALGPAATLEEMM","FH2","p24",201,215,,,"B","mouse"
"LGPAATLEEM","13B5","p24",205,214,,,,"mouse"
"LEEMMTACQGVGGPGHKARV","106/01","p24",211,230,,,,"mouse"
"GHKARV","LH-104-B","p24",225,230,,,,"mouse"
"HKARVL","LH-104-I","p24",226,231,,,,"mouse"
"LAEAMS","LH-104-G","p24-p2p7p1p6",231,5,,,,"mouse"
"NFRNQRKIVK","i5B11","p2p7p1p6",19,28,,,,"rat"
"PRKKGCWKCG","EC6","p2p7p1p6",45,54,,,"B","mouse"
"RQANFLGKIWPSYKGR","DG8","p2p7p1p6",66,81,,,,"mouse"
"YKGRPGNFL","AD2","p2p7p1p6",78,86,,,,"mouse"
"PQIYLWQ",1696,"p10",1,7,,,,"mouse"
"MSLPGRWKPKM","10E7","p10",36,46,,,"B","hamster, mouse"
"LPGRWKPK","13E1","p10",38,45,,,"B","hamster"
"KKDSTKWRK","1E8","p51",65,73,,,,"mouse"
"KDSWTVNDIQKLVGK","polyclonal","p51",249,263,,,,"human"
"PLTEEAELE","1.152 B3","p51",294,302,,,,"mouse"
"LTEEAELELA","polyclonal","p51",295,304,,,,"human"
"KTGKY","1.153 G10","p51",350,354,,,,"mouse"
"TTESIVIW","RTMAb8","p51",376,383,,,,"mouse"
"GKIP","1D4A3","p51",384,387,,,,"mouse"
"VDGAANRET","1.160 B3","p51",442,450,,,,"mouse"
"IIEQLIKKEKV","polyclonal","p51",521,531,,,,"human"
"VPAHKGIGGNEQVD","C2003","p51",536,549,,,,"rabbit"
"FLDGIDKAQDEHEKYH","1C4","p31",1,16,,,"B","mouse"
"DFNLPPVVAKE",17,"p31",25,35,,,,"mouse"
"KCQLKGEAMHGQVD","4D6","p31",42,55,,,"B","mouse"
"VESMNKELKKIIG","anti-K159","p31",151,163,,,,"rabbit"
"KELQKQITKIQNFRVYY","8-6","p31",211,227,,,"B","mouse"
"RDSRNPLWK",19,"p31",228,236,,,"B","mouse"
"GPAKLLWKGEGAVVIQ","8-22","p31",237,252,,,"B","mouse"
"DNSDIKVVP","4-20","p31",253,261,,,"B","mouse"
"RRKAKIIRD","6-19","p31",262,270,,,"B","mouse"
"RRKAKIIRDY","7C3","p31",262,271,,,"B","mouse"
"KAKIIRDYGK","MAb 35","p31",264,273,,,,"mouse"
"KARGWFYRHHYESP?","TG002","Vif",34,47,,,,"mouse"
"KPQKTKGHRGSHTMNGH?","TG001","Vif",176,192,,,,"mouse"
"MEPVDRPLEPWKHPG","polyclonal","Tat_exon1",1,15,,,"B","macaque"
"MEPVDPRLEPWKHPGSQPKT?","polyclonal","Tat_exon1",1,20,1,20,"B","mouse"
"MEPVDPRLEPGSQPKT","TA9","Tat_exon1",1,20,,,"B","mouse"
"EPVDPNLEPWNHPS","NT3/2D1.1","Tat_exon1",2,15,,,,"mouse"
"EPVDPRLEWKHPGSQ",1.2,"Tat_exon1",2,17,,,,"mouse"
"EPVDPRLEWKHPGSQPKTA","1D9D5","Tat_exon1",2,21,,,,"mouse"
"ACTNCYCKKCCFHCQVCFTT","polyclonal","Tat_exon1",21,40,,,"B","mouse"
"GISYGRKKRRQRRPPQG","TB12","Tat_exon1",44,60,,,"B","mouse"
"SYGRKKRRQRRRAHQ?","polyclonal","Tat_exon1",46,60,,,"B","mouse"
"SYGRKKRRQRRRAHQ","polyclonal","Tat_exon1",46,60,,,"B","macaque"
"YGRKKRRQRRRPPQ","polyclonal","Tat_exon1",47,60,,,,"human"
"RQRRRAHQNSQTHQAS","polyclonal","Tat_exon1",53,68,,,"B","mouse"
"PTSQPRGDPTGPKE","NT2/4D5.24","Tat_exon2",73,86,,,,"mouse"
"PTSQPRGDPTGPKE?","polyclonal","Tat_exon2",73,86,73,86,"B","mouse"
"QPRGDPTGPKQKKK","polyclonal","Tat_exon2",76,89,,,"B","macaque"
"SGDSDEELIRT?","4G9","Rev__exon1",5,15,,,,"mouse"
"EGTRQARRNRRRWRERQR","Ab2","Rev__exon2",32,50,,,,
"GTRQARRNRRRRWRER?",10.1,"Rev__exon2",33,48,,,,
"RRNRRR","3H6","Rev__exon2",38,43,,,,"mouse"
"PVPLQLPPLERLTLD","8E7","Rev__exon2",70,84,,,,"mouse"
"PLQLPPLERLTLDCNEDCGT","Ab4","Rev__exon2",72,91,,,,
"GVGSPQILVE","1G10","Rev__exon2",96,105,,,,"mouse"
"ILVESPTVLESDKTE","Ab3","Rev__exon2",102,116,,,,
"TEKLWVTVYYGVPVWKEATT","7E2/4","gp160",31,50,,,"B","mouse"
"GVPVWKEATT","4D4#85","gp160",41,50,,,"B","mouse, rat"
"VPVWKEATTTLFCASDAKAY","M86","gp160",42,61,,,"B","mouse"
"LFCASDAKAYDTEVHNVWAT","polyclonal","gp160",52,71,,,"B","mouse"
"YDTEVHNVWA","133/237","gp160",61,70,,,"B","mouse"
"EVHNVWATHACVPTD","133/11","gp160",64,78,,,,"mouse"
"ACVPTDPNPQ","D/3G5","gp160",73,82,,,"B","mouse"
"ACVPTDPNPQEVVLVNVTEN","D/5E12","gp160",73,92,,,"B","mouse"
"PNPQEVVLVNVTENF","L5.1","gp160",79,93,,,,"mouse"
"PQEVVLVNVT","4A7C6","gp160",81,90,,,"B","mouse"
"PQEVVLVNVTENFDMWKNDM","1D10","gp160",81,100,,,"B","rat"
"EVVLVNVTEN","B242","gp160",83,92,,,"B","mouse"
"ENFDMWKNDM","133/192","gp160",91,100,,,"B","mouse"
"NFNMWKNDM","GV4D3","gp160",92,100,,,,"mouse"
"FNMW","B27","gp160",93,96,,,"B","mouse"
"FNMWKN","B35","gp160",93,98,,,,"mouse"
"FNMWKNDMV","D/4B5","gp160",93,101,,,"B","mouse"
"VEQMHEDIIS","B18","gp160",101,110,,,"B","mouse"
"VEQMHEDIISLWDQSLKPCV","187.2.1","gp160",101,120,,,"B","mouse, rat"
"EQMHEDIISLWDQSLKPCVK","11/65","gp160",102,121,,,"B","mouse, rat"
"HEDIISLWD","GV1A8","gp160",105,113,,,,"mouse"
"EDIISLW","CA13","gp160",106,112,,,"A","mouse"
"LWDQSLKPCV",11,"gp160",111,120,,,"B","mouse"
"LTPLCVSLKCTDLKNDTNTN","6D5","gp160",122,141,,,"B","mouse"
"TPLCVSLKCTDLGNATNTNS","B33","gp160",123,142,,,"B","mouse"
"CTDLKNDTNTNSSSGRMMMEK","polyclonal","gp160",131,151,,,,"human"
"NTKSSNWKEMDGEIK","35D10/D2","gp160",139,155,,,,"transgenic mouse"
"SSNWKE","P1H6","gp160",143,148,,,"B","mouse"
"ISTSIRGKVQKEYAFFYKLD","697-D","gp160",161,180,,,,"human"
"STSIRGKV","6C4/S","gp160",162,169,,,"B","chimpanzee"
"STSIRGKVQ","10/76b","gp160",162,170,,,,"rat"
"TTSIRDKVQKEYALFYK","8.22.2","gp160",162,178,,,,"transgenic mouse"
"STSIRGKVQKEYAFFYKLDI","12b","gp160",162,181,,,,"rat"
"QKEYAFFYKLD","G3-136","gp160",170,180,,,,"mouse"
"KEYAFFYKLD","BAT085","gp160",171,180,,,,"mouse"
"EYAFFYKLDI","60b","gp160",172,181,,,"B","rat"
"EYAFFYKLDIIPIDNDTTSY","38/12b","gp160",172,191,,,"B","rat"
"FYKLDIVPIDNTTTSYRLISC","polyclonal","gp160",176,196,,,,"human"
"EPIPIHYCAPA","322-151","gp160",211,221,,,"B","mouse"
"EPIPIHYCAPAGFAILKCNN","493-156","gp160",211,230,,,"B","mouse"
"PIPIHYCAPA",110.1,"gp160",212,221,,,,"human"
"APAGFAIL","GV4H3","gp160",219,226,,,,"mouse"
"GFAILKCNNK","J1","gp160",222,231,,,"B","mouse"
"KGSCKNVSTV","1006-30-D","gp160",236,245,,,,"human"
"RPVVSTQLLL",213.1,"gp160",252,261,,,"B","mouse"
"RPVVSTQLLLNGSLAEEEVV","B12","gp160",252,271,,,"B","mouse"
"TQLLLN","B21","gp160",257,262,,,,"mouse"
"TQLLLNG","B26","gp160",257,263,,,,"mouse"
"NGSLAEEEVVIRSVNFTDNA","110.E","gp160",262,281,,,"B","mouse"
"VIRSVNFTDN","110.C","gp160",271,280,,,"B","mouse"
"SVEINCTRPNNNTRKSI","IIIB-V3-26","gp160",291,307,,,,"mouse"
"INCTRP","IIIB-V3-21","gp160",294,299,,,,"mouse"
"CTRPNYNKRKHIGPGRAF","168B8","gp160",296,317,,,"B","humanized mouse"
"PNNNTRKSIR","MO97/V3","gp160",299,308,,,,"human"
"NNNTRKRIRIQRGPGR?","55/1l","gp160",300,315,,,,
"NNNTRKRIRIQRGPGR","8/38c","gp160",300,315,,,,"rat"
"NYNKRKRIHIGPGRAFYTTK","polyclonal","gp160",300,321,,,,"human"
"NNTRKSIRIQRG",9284,"gp160",301,312,,,,"mouse"
"NTRKSIHIGPGRAF","polyclonal","gp160",302,317,,,"B","human"
"NTRKSIHIGPGRAFY","polyclonal","gp160",302,318,,,,"human"
"NTRKSIRIQRGPGRAFVTIG","MAG 109","gp160",302,321,,,,"mouse"
"TRTSV","1334-D","gp160",303,307,,,"CRF01_AE","human"
"TRTSVR","1324-E","gp160",303,308,,,"CRF01_AE","human"
"CKRKIHIGPGQAFYT","polyclonal","gp160",303,319,,,"C","mouse"
"RKSIR","MO99/V3","gp160",304,308,,,,"human"
"RKRIHIGP","C311E","gp160",304,313,,,,"chimpanzee"
"RKSIRIQRGPG",907,"gp160",304,314,,,,"mouse"
"RKSIRIQRGPGRAFV","polyclonal","gp160",304,318,,,"B","human"
"KKGIAIGPGRTLY","polyclonal","gp160",304,318,,,,
"RKRIHIGPGRAFYTT","10F10","gp160",304,320,,,"A, B, F","human, mouse"
"RKRIRIQRGPGRAFVTIGK?","CGP 47 439","gp160",304,322,,,,"human"
"RKRIHIGPGRAFYTTKN","polyclonal","gp160",304,322,,,"multiple","human"
"KSiRI",178.1,"gp160",305,309,,,,"mouse"
"KRIHI","257-D","gp160",305,309,,,"B","human"
"KRIHIGP","311-11-D","gp160",305,313,,,"B","human"
"KRIHIGPGRAFY","391/95-D","gp160",305,318,,,"B","human"
"KSITIGPGRAFHAI","Aw","gp160",305,320,,,,"rat"
"KRIHIGPGRAFYTT","DO142-10","gp160",305,320,,,,"human"
"KSITIGSGRAFHAI","Dv","gp160",305,320,,,,"rat"
"KSITIGPGRAFYATGD","polyclonal","gp160",305,322,,,,"macaque, rabbit"
"RIHIG",50.1,"gp160",306,310,,,,"mouse"
"RIRIQRGPGRAFVTIGK","BAT123","gp160",306,322,,,"B","mouse"
"RIRPGRAFVTIGK",,"gp160",306,322,,,"B","human"
"KSITK","838-D","gp160",307,311,,,"B","human"
"KSITKG","1006-15D","gp160",307,312,,,"B","human"
"KSITKGP","1027-15D","gp160",307,313,,,"B","human"
"IRIQRGPGR","V3-13","gp160",307,315,,,,
"IRIQRGPGRAFVT","F19.26-4","gp160",307,319,,,"B","mouse"
"IRIQRGPGRAFVTI",13105100,"gp160",307,320,,,"B","human, mouse"
"IRIQRGPGRAFVTIG","polyclonal","gp160",307,321,,,"B","chimpanzee"
"SIHIGPGRAF","SP.BAL114","gp160",308,317,,,,"mouse"
"SIYIGPGRAF","SP.SF2:104","gp160",308,317,,,,
"RIHIGPGRAFYT","polyclonal","gp160",308,319,,,"B","human"
"SISGPGRAFYTG","loop 2","gp160",308,321,,,,"human"
"RIQRGPGRAFVTGK","4G10","gp160",308,322,,,"B","mouse"
"RIQRGPGRAFVTIGK","G3-523","gp160",308,322,,,,"mouse"
"RIHIGPGRAFYTTKN","MN215","gp160",308,322,,,,"human"
"RIQRGPGRAFVTIGKI","Nea 9301","gp160",308,323,,,,"mouse"
"IXIGPGR","4117C","gp160",309,315,,,"B","human"
"IHIGPGR","419-D","gp160",309,315,,,"B","human"
"IYIGPGR",83.1,"gp160",309,315,,,,"mouse"
"IQRGPGra","5023B","gp160",309,316,,,,"mouse"
"IxxGPGRA","F58/D1","gp160",309,316,,,,"mouse"
"IQRGPGRAF","IIIB-13 V3","gp160",309,317,,,,"mouse"
"IQRGPGRAFV","A47/B1","gp160",309,318,,,,"mouse"
"IHIGPGRAFYT","&mu;5.5","gp160",309,319,,,,"mouse"
"-I----G--FY-T","19b","gp160",309,320,,,,"human"
"HIGPGR","268-D","gp160",310,315,,,"B","human"
"QrGPGR","5042A","gp160",310,315,,,,"mouse"
"QRGPGr","5042B","gp160",310,315,,,,"mouse"
"HIGPGRA","418-D","gp160",310,316,,,"B","human"
"QrGPGRa",5021,"gp160",310,316,,,,"mouse"
"QRGPGra","5025B","gp160",310,316,,,,"mouse"
"QRGPGRA",5042,"gp160",310,316,,,,"mouse"
"QRGPGRAF",110.3,"gp160",310,317,,,,"mouse"
"HIGPGRAF",58.2,"gp160",310,317,,,,"mouse"
"QRGPGRAFV?","polyclonal","gp160",310,318,,,,"mouse"
"IGPGR","537-D","gp160",311,315,,,"B","human, humanized mouse"
"RGPGRA",5020,"gp160",311,316,,,,"mouse"
"IGPGRA","RC25","gp160",311,316,,,"B","humanized mouse"
"RgPGRAF","5023A","gp160",311,317,,,,"mouse"
"IGPGRAF","P3E1","gp160",311,317,,,"B","mouse"
"RGPGRAFV",110.6,"gp160",311,318,,,,"mouse"
"IGPGRAFY","polyclonal","gp160",311,318,,,,"mouse"
"RGPGRAFVTIG","10/36e","gp160",311,321,,,,"rat"
"IGPGRAFYTTKN","polyclonal","gp160",311,322,,,,"guinea pig"
"RGPGRAFVTIGKIG","0.5Î²","gp160",311,324,,,"B","humanized mouse, mouse"
"GPXR","447-52D","gp160",312,315,,,"B","human"
"GPGR","C25","gp160",312,315,,,"B","mouse"
"GPGRAF",1026,"gp160",312,317,,,,"mouse, rabbit"
"GPGRAFY","10E3","gp160",312,318,,,"A, B, C, D, F, G, O, multiple","human, mouse, rabbit"
"GPGRAFVTI","N11-20","gp160",312,320,,,,"mouse"
"pgRAF","5025A","gp160",313,317,,,,"mouse"
"PGRAFY","N70-1.9b","gp160",313,318,,,,"human"
"PGRAFVTIGKIG",902,"gp160",313,324,,,,"mouse"
"GRAF","694/98-D","gp160",314,317,,,"B","human"
"RAF",9205,"gp160",315,317,,,,"mouse"
"AFVTIGK","110.I","gp160",316,322,,,,"mouse"
"FHSQ + WCR","anti-HIV-2 polyclonal","gp160",317,320,330,332,"HIV-2","guinea pig"
"HYQ","B2C","gp160",319,321,,,"HIV-2","mouse"
"IGKIGNMRQ","IIIB-V3-01","gp160",320,328,,,,"mouse"
"RNISFKA","2H1B","gp160",357,362,,,"HIV-2","mouse"
"IFKQSSGGDPEIVTHSFNCGG","4D7/4","gp160",360,380,,,"B","mouse"
"FKQSSGGDPEIVTHSFNCGGE","36.1(ARP 329)","gp160",361,381,,,"B","mouse"
"APGK","2F19C","gp160",363,365,,,"HIV-2","mouse"
"GEFFYCNSTQLFNS","110.D","gp160",380,393,,,"B","mouse"
"WFNSTW","B15","gp160",395,400,,,,"mouse"
"IKQI","E51","gp160",420,423,,,"B","human"
"KQIINMWQEVGKAMYA","JL413","gp160",421,436,,,"B","human"
"QFINMWQEVK","5C2E5","gp160",422,431,,,,"mouse"
"IINMWQKVGKAMYAP","G3-211","gp160",423,437,,,,"mouse"
"NMWQEVGKAMYA","polyclonal","gp160",425,436,,,,"mouse"
"NMWQEVGKAMYAPPISG",1795,"gp160",425,441,,,,
"EVGKAMYAPP","G3-299","gp160",429,438,,,,"mouse, rat"
"EVGKAMYAPPISGQI","MO86/C3","gp160",429,443,,,,"human"
"GKAMYAPPIS","13H8","gp160",431,440,,,,"mouse"
"KAMYAPPISGQIRCSSNITG","polyclonal","gp160",432,451,,,"B","mouse"
"AMYAPPI",1662,"gp160",433,439,,,,
"AMYAPPISGQ",1794,"gp160",433,442,,,,
"LTRDGGNNNNESEIFRPGGGD","polyclonal","gp160",454,474,,,,"human"
"NNNNGSEI","polyclonal","gp160",460,467,,,"B","human"
"SNNESEIFRL","CRA1","gp160",461,470,,,"B","mouse, rat"
"GGGDMRDNWRSE",9201,"gp160",471,482,,,"B","mouse"
"GGGDMRDNWRSELYKYKVVK","1C1","gp160",471,490,,,"B","mouse"
"GGDMRD","H11","gp160",472,477,,,"B","mouse"
"GGDMRDNWRSELYKYKVVKI","W2","gp160",472,491,,,"B","mouse"
"KYKVVKEIPLGVAPTKAKRR","M38","gp160",485,504,,,,"mouse"
"IEPLGVAPTK",110.1,"gp160",491,500,,,"B","human, mouse"
"EPLGVAP","Chim 1","gp160",492,498,,,"B","humanized chimpanzee"
"KPFSVAPTP","105-306","gp160",492,500,,,"O","mouse"
"LGVAPT","GV1G2","gp160",494,499,,,,"mouse"
"APTKAKR","803.15.6","gp160",497,503,,,,
"PTKAKRR","670-D","gp160",498,504,,,,"human"
"TKAKRRVVQREKR","158F3","gp160",499,511,,,"B","humanized mouse"
"RRVVQRE","722-D","gp160",503,509,,,,"human, mouse"
"dwVVQREKR","1331A","gp160",503,511,,,,"human"
"RRVVQREKR","polyclonal","gp160",503,511,,,,"human"
"VVQREKR","1131-A","gp160",505,511,,,"B","human"
"AAGSTMGAASMTLTVQARQ","1A1","gp160",525,543,,,,"human"
"AQQHLLQLTVWGIKQLQARIL","&alpha;(566-586)","gp160",561,581,,,,"human"
"GIKQLQARILAVERYLKDQQ","PC5009","gp160",572,591,,,,"human, mouse"
"LQARILAVERYLKDQQL","polyclonal","gp160",576,592,,,,"human"
"QARILAV",,"gp160",577,583,,,"B","human, mouse"
"RILAVERYLKD","polyclonal","gp160",579,589,,,,"mouse, rabbit"
"RILAVERYLKDQQLLGIWGCS","polyclonal","gp160",579,599,,,"B","human, rabbit"
"ILAVERYLKDQQLLGIWG","polyclonal","gp160",580,597,,,,"human"
"AVERYLKD","polyclonal","gp160",582,589,,,,"human"
"AVERYLKDQQL","anti-P1","gp160",582,592,,,"B",
"ERYLKDQLLGIWGCSGKLIC","polyclonal","gp160",584,604,,,,"human"
"DQQLLGIWGCSG","2F11","gp160",589,600,,,"B","human"
"qqLLGIWg","246-D","gp160",590,597,,,"B","human"
"QQLLGIWGCSGKLICTTA","polyclonal","gp160",590,607,,,"B, CRF01_AE","human"
"QLLG","9G5A","gp160",591,594,,,,"mouse"
"qLLGIWg","181-D","gp160",591,597,,,"B","human"
"LLGIWGCSG","240-D","gp160",592,600,,,"B","human"
"LLGIWGCSGKLICTT","F240","gp160",592,606,,,,"human"
"LLGIWGCSGKLICTTAV","D49","gp160",592,608,,,"B","mouse"
"LGLIWGCSGKLIC",115.8,"gp160",593,604,,,,"mouse"
"LGIWGCSGKLIC","M-1","gp160",593,604,,,,"mouse"
"GIWGCSGK","polyclonal &alpha;598-609","gp160",594,601,,,,"human"
"GIWGCSGKLIC","1B8.env","gp160",594,604,,,"B","human"
"GIWGCSGKLICTTAVP","polyclonal","gp160",594,609,,,,"human"
"IWGCSGKLICTTA","polyclonal","gp160",595,607,,,"B","human"
"GCSGKLICTT","clone 3","gp160",597,606,,,"B","human"
"CSGKLIC",4,"gp160",598,604,,,,"human, mouse, rat"
"KGRLICYT","105-732","gp160",599,606,,,,"mouse"
"SGKLICTTAVPWNAS","3D6","gp160",599,613,,,,"human"
"GKLICTTAVPW","P1G9","gp160",600,610,,,"B","mouse"
"CTTAVPWNASWS?","F172-D8","gp160",604,615,,,,"human"
"NNMTWMEWEREREIGNY","P2D2","gp160",624,638,,,"B","mouse"
"WKEM(D/N)R","P3B2","gp160",628,633,,,"B","mouse"
"SLIEESQNQQEKNEQELLEL","120-16","gp160",644,663,,,"B","human"
"ELLELDKWASLW","polyclonal","gp160",659,670,,,"B","guinea pig"
"ELDEWA","14D9","gp160",662,667,,,"B, CRF01_AE, O","mouse"
"ELDKWA","18F11","gp160",662,667,,,"B","goat, guinea pig, human, mouse, rabbit"
"ELNKWA","TH-Ab1","gp160",662,667,,,,"rabbit"
"WASLWNWFDITN","Z13e1","gp160",666,677,,,"B","human"
"NWFDIT","4E10","gp160",671,676,,,"B","human"
"HLPIPRGPDRPEGIE","B30","gp160",720,734,,,,"mouse"
"RGPDRPEGIEEEGGERDRDRS","41S-2","gp160",725,745,,,,"mouse"
"PDRPEG","C8","gp160",727,732,,,"B","mouse"
"PDRPEGIE","B31","gp160",727,734,,,,"mouse"
"DRPEGIEEEGGERDRDRS",1575,"gp160",728,745,,,,"mouse"
"GIEEEGGERDRDRSIR","88-158/02","gp160",732,747,,,,"mouse"
"IEEE","polyclonal","gp160",733,736,,,,"mouse"
"IEEEGGERD","B8","gp160",733,741,,,,"mouse"
"GERDRDR","SAR1","gp160",738,744,,,"B","mouse"
"ERDRD",1577,"gp160",739,743,,,"B","mouse"
"SVIGWLTVRERMRRAE","polyclonal","Nef",9,24,,,,"mouse"
"VGWPTVRERM","13/042","Nef",11,20,,,,"mouse"
"TVRERMRRAE","13/035","Nef",15,24,,,,"mouse"
"ERMRRAEPA?","A6","Nef",18,26,,,,"mouse"
"DGVGAVSRDLEKHGAITS?","A7","Nef",28,45,,,"B","mouse"
"VGAASRDLEKHGAI","25/03","Nef",30,43,,,,"mouse"
"GAASRDLEKH","3F2","Nef",31,40,,,,"mouse"
"GAASRDLEKHGAITSSNTAA","3D12","Nef",31,50,,,,"mouse"
"AATNAACAWLEAQEEE","polyclonal","Nef",49,64,,,,"mouse"
"TNAACAWLEAQEEEEVGFPVT","3G12","Nef",51,71,,,,"mouse"
"AQEEEEVGFPVTPQ","13/058","Nef",60,73,,,,"mouse"
"QEEEEVGFPVT","polyclonal","Nef",61,71,,,,"rabbit"
"QEEEEVGFPVTPQVPLRPMT","2E3","Nef",61,80,,,,"mouse"
"AAVDLS","F14.11","Nef",83,88,,,,"mouse"
"AAVDLSHFLKEKGGLEGLIHS","31/03","Nef",83,103,,,,"mouse"
"FLKEKGGLE","polyclonal","Nef",90,98,,,,"human, rabbit"
"YHTQGYFPDWQN?","F4","Nef",115,126,,,,"mouse"
"QGYFPDWQNYTPGPGV","polyclonal","Nef",118,133,,,,"mouse"
"TPGPGVRYPL?","F3","Nef",128,137,,,"B","mouse"
"FKLVPVSEAE","polyclonal","Nef",143,151,,,,"rabbit"
"VEPDKVEEAN","F1","Nef",148,157,,,,"mouse"
"DKVEEANKGENTSLLHPVSL","2F2","Nef",151,170,,,,"mouse"
"NTSLLHPVSLHGMDDPEREV","3E6","Nef",161,180,,,,"mouse"
"LHGMDDPEREVL?","E5","Nef",170,181,,,,"mouse"
"HGMDDPEREVLEWRFDSRLA","2A3","Nef",171,190,,,,"mouse"
"DSRLAFHHVARELHPEYFKNC","polyclonal","Nef",186,206,,,"B","mouse"
"HHVARELHPEYFKNC","E7","Nef",192,206,,,,"mouse"
"VARELHPEYFKNC","AE6","Nef",194,206,,,"B","mouse"
"MARELHPEYYKDC","EH1","Nef",194,206,,,,"mouse"
